{"cameraMode":{"drawMode":0,"name":"Shaded","section":"Shading Mode"},"sceneLighting":true,"audioPlay":false,"sceneViewState":{"m_AlwaysRefresh":false,"showFog":true,"showSkybox":true,"showFlares":true,"showImageEffects":true,"showParticleSystems":true,"showVisualEffectGraphs":true,"m_FxEnabled":true},"in2DMode":false,"pivot":{"x":-2.867136001586914,"y":3.3431191444396974,"z":3.1379952430725099},"rotation":{"x":0.17128248512744904,"y":-0.41858798265457156,"z":0.08071988821029663,"w":0.8882182836532593},"size":23.30893898010254,"orthographic":false}